year,payment_type,amount
2015,bank_transfer,57.38
2015,cash,374.53
2015,cash,53.48
2015,bank_transfer,88.17
2015,bank_transfer,151.47
2015,cash,443.81
2015,online,213.61
2015,bank_transfer,292.98
2015,cash,305.65
2015,cash,151.46
2015,cash,307.47
2015,bank_transfer,347.43
2015,cash,184.21
2015,cash,238.38
2015,cash,253.89
2015,bank_transfer,469.56
2015,cash,314.37
2015,cash,476.71
2015,bank_transfer,300.22
2015,bank_transfer,275.25
2015,bank_transfer,51.59
2015,online,266.4
2015,bank_transfer,467.35
2015,bank_transfer,139.26
2015,bank_transfer,73.44
2015,cash,233.05
2015,cash,217.58
2015,cash,435.72
2015,cash,61.98
2015,bank_transfer,464.07
2015,cash,356.41
2015,cash,456.9
2015,cash,323.39
2015,cash,415.38
2015,cash,200.99
2015,cash,207.3
2015,cash,225.44
2015,online,389.66
2015,online,216.18
2015,bank_transfer,159.0
2015,bank_transfer,471.95
2015,cash,458.6
2015,cash,206.96
2015,cash,335.59
2015,online,173.23
2015,cash,142.75
2015,cash,201.35
2015,online,197.19
2015,bank_transfer,447.02
2015,bank_transfer,420.04
2015,cash,369.33
2015,online,481.71
2015,bank_transfer,240.14
2015,bank_transfer,160.26
2015,cash,102.83
2015,cash,185.47
2015,cash,115.37
2015,bank_transfer,91.48
2015,online,321.32
2015,bank_transfer,213.88
2015,bank_transfer,304.06
2015,bank_transfer,136.1
2015,bank_transfer,354.61
2015,bank_transfer,146.98
2015,online,175.11
2015,cash,383.79
2015,bank_transfer,301.88
2015,cash,200.68
2015,cash,294.34
2015,bank_transfer,362.29
2015,cash,460.46
2015,online,311.32
2015,bank_transfer,154.71
2015,bank_transfer,386.01
2015,cash,400.0
2015,bank_transfer,140.18
2015,bank_transfer,419.26
2015,cash,259.22
2015,cash,400.89
2015,bank_transfer,156.87
2015,cash,199.66
2015,bank_transfer,479.16
2015,bank_transfer,346.02
2015,cash,397.8
2015,online,359.77
2015,online,141.94
2015,cash,261.81
2015,cash,414.03
2015,cash,353.77
2015,cash,52.71
2015,bank_transfer,89.33
2015,online,206.06
2015,cash,474.96
2015,bank_transfer,271.04
2015,bank_transfer,171.58
2015,bank_transfer,212.19
2015,cash,144.79
2015,cash,239.54
2015,cash,148.12
2015,cash,430.59
2015,bank_transfer,255.32
2015,bank_transfer,175.91
2015,cash,469.8
2015,cash,191.46
2015,cash,459.37
2015,bank_transfer,69.54
2015,online,368.2
2015,bank_transfer,267.75
2015,online,249.9
2015,cash,66.35
2015,cash,68.31
2015,cash,199.74
2015,cash,476.2
2015,online,327.95
2015,cash,215.99
2015,bank_transfer,325.39
2015,bank_transfer,142.76
2015,bank_transfer,124.28
2015,cash,212.82
2015,online,438.51
2015,online,279.23
2015,cash,183.61
2015,cash,477.61
2015,bank_transfer,417.18
2015,online,195.34
2015,online,487.44
2015,cash,494.31
2015,bank_transfer,233.9
2015,online,345.17
2015,cash,232.54
2015,bank_transfer,165.81
2015,cash,87.19
2015,bank_transfer,168.62
2015,online,172.17
2015,online,229.39
2015,cash,133.2
2015,cash,479.22
2015,cash,96.3
2015,cash,331.34
2015,bank_transfer,248.76
2015,cash,240.58
2015,cash,217.4
2015,online,440.74
2015,bank_transfer,176.21
2015,cash,59.26
2015,bank_transfer,463.14
2015,bank_transfer,439.02
2015,cash,174.61
2015,bank_transfer,285.57
2015,online,99.09
2015,cash,92.04
2015,bank_transfer,426.86
2015,cash,234.62
2015,cash,347.77
2015,bank_transfer,474.44
2015,cash,160.31
2015,bank_transfer,55.92
2015,online,60.87
2015,bank_transfer,369.22
2015,cash,466.05
2015,cash,260.3
2015,bank_transfer,218.8
2015,bank_transfer,294.29
2015,cash,436.51
2015,bank_transfer,343.47
2015,online,154.84
2015,cash,398.56
2015,online,110.58
2015,bank_transfer,124.5
2015,bank_transfer,325.71
2015,bank_transfer,157.45
2015,cash,367.15
2015,online,207.28
2015,online,174.84
2015,online,499.51
2015,cash,68.28
2015,cash,340.62
2015,cash,67.41
2015,cash,392.09
2015,cash,153.54
2015,bank_transfer,90.42
2015,cash,341.8
2015,cash,379.67
2015,online,355.14
2015,cash,73.36
2015,online,182.44
2015,cash,252.99
2015,bank_transfer,179.2
2015,online,414.73
2015,bank_transfer,109.0
2015,cash,325.48
2015,bank_transfer,494.7
2015,cash,456.15
2015,bank_transfer,149.97
2015,cash,50.04
2015,bank_transfer,491.27
2015,cash,447.22
2015,bank_transfer,463.76
2015,cash,236.98
2015,cash,385.08
2015,bank_transfer,145.77
2015,cash,226.54
2015,bank_transfer,433.2
2015,online,107.43
2015,bank_transfer,452.24
2015,bank_transfer,273.43
2015,cash,241.74
2015,bank_transfer,187.54
2015,bank_transfer,462.58
2015,cash,282.93
2015,bank_transfer,411.81
2015,bank_transfer,435.94
2015,cash,465.07
2015,bank_transfer,186.52
2015,cash,202.91
2015,cash,317.78
2015,cash,248.6
2015,cash,469.78
2015,online,228.9
2015,cash,265.0
2015,cash,327.73
2015,online,232.13
2015,cash,496.62
2015,online,94.48
2015,online,149.27
2015,cash,195.19
2015,cash,116.48
2015,bank_transfer,177.9
2015,cash,400.66
2015,cash,285.3
2015,cash,65.28
2015,cash,492.18
2015,cash,327.2
2015,online,76.52
2015,online,347.53
2015,cash,220.27
2015,cash,111.05
2015,online,303.65
2015,bank_transfer,377.19
2015,bank_transfer,352.01
2015,cash,161.38
2015,cash,286.19
2015,online,291.95
2015,cash,372.56
2015,cash,211.94
2015,cash,408.98
2015,online,332.56
2015,cash,67.25
2015,bank_transfer,295.92
2015,bank_transfer,437.86
2015,cash,305.41
2015,cash,129.12
2015,bank_transfer,279.67
2015,cash,390.63
2015,cash,99.55
2015,online,417.69
2015,bank_transfer,125.37
2015,online,290.33
2015,cash,223.58
2015,cash,161.88
2015,bank_transfer,341.34
2015,cash,66.83
2015,online,392.02
2015,cash,287.12
2015,cash,444.1
2015,cash,284.32
2015,cash,65.76
2015,cash,114.62
2015,cash,408.02
2015,bank_transfer,271.39
2015,cash,248.85
2015,cash,193.3
2015,cash,178.05
2015,cash,484.65
2015,bank_transfer,244.84
2015,cash,447.8
2015,bank_transfer,341.67
2015,cash,436.29
2015,bank_transfer,433.6
2015,cash,480.34
2015,online,364.07
2015,cash,412.43
2015,cash,379.91
2015,bank_transfer,322.35
2015,cash,372.81
2015,bank_transfer,372.09
2015,online,68.41
2015,online,282.25
2015,bank_transfer,406.69
2015,online,159.33
2015,cash,259.32
2015,online,245.74
2015,cash,231.25
2015,online,104.83
2015,cash,286.57
2015,online,250.81
2015,online,348.53
2015,online,297.24
2015,cash,62.39
2015,bank_transfer,64.36
2016,bank_transfer,453.39
2016,bank_transfer,150.47
2016,online,170.66
2016,online,137.52
2016,cash,485.38
2016,bank_transfer,100.64
2016,cash,374.97
2016,cash,469.44
2016,cash,350.6
2016,cash,436.43
2016,bank_transfer,159.1
2016,cash,353.27
2016,cash,365.39
2016,online,256.25
2016,cash,441.75
2016,cash,362.47
2016,cash,452.7
2016,online,388.94
2016,online,284.13
2016,cash,274.41
2016,online,254.18
2016,bank_transfer,59.74
2016,bank_transfer,290.81
2016,online,240.34
2016,online,120.89
2016,cash,103.58
2016,bank_transfer,252.21
2016,bank_transfer,67.96
2016,cash,493.96
2016,cash,220.15
2016,cash,221.95
2016,cash,73.01
2016,cash,242.0
2016,online,57.09
2016,cash,63.54
2016,bank_transfer,202.59
2016,cash,419.44
2016,online,256.47
2016,bank_transfer,56.68
2016,cash,123.45
2016,cash,382.97
2016,online,382.23
2016,online,389.54
2016,bank_transfer,208.25
2016,cash,208.52
2016,cash,410.93
2016,online,229.16
2016,online,377.24
2016,cash,311.51
2016,cash,213.95
2016,cash,86.0
2016,cash,102.26
2016,cash,450.3
2016,online,253.55
2016,online,497.3
2016,cash,213.75
2016,cash,162.48
2016,bank_transfer,207.74
2016,bank_transfer,204.39
2016,online,336.81
2016,cash,55.73
2016,online,393.47
2016,cash,237.39
2016,bank_transfer,244.51
2016,bank_transfer,266.5
2016,online,252.15
2016,bank_transfer,273.86
2016,bank_transfer,205.66
2016,bank_transfer,254.01
2016,bank_transfer,232.09
2016,cash,283.21
2016,cash,330.47
2016,online,158.47
2016,cash,278.8
2016,cash,317.58
2016,cash,57.63
2016,online,284.22
2016,cash,157.68
2016,bank_transfer,232.04
2016,cash,421.94
2016,online,196.81
2016,cash,267.45
2016,cash,61.13
2016,cash,188.94
2016,cash,337.87
2016,online,191.82
2016,online,142.61
2016,cash,180.8
2016,cash,479.47
2016,cash,89.06
2016,cash,258.51
2016,cash,76.27
2016,cash,292.4
2016,bank_transfer,115.72
2016,cash,335.34
2016,online,168.98
2016,online,360.91
2016,cash,206.22
2016,bank_transfer,51.88
2016,online,182.7
2016,online,86.85
2016,cash,272.77
2016,bank_transfer,180.0
2016,cash,338.0
2016,online,274.97
2016,cash,66.22
2016,bank_transfer,193.39
2016,online,270.08
2016,bank_transfer,307.49
2016,cash,97.19
2016,bank_transfer,342.49
2016,bank_transfer,204.66
2016,bank_transfer,132.31
2016,cash,412.4
2016,online,80.88
2016,bank_transfer,468.4
2016,cash,367.82
2016,bank_transfer,264.02
2016,cash,55.02
2016,cash,225.56
2016,bank_transfer,340.61
2016,online,436.51
2016,online,327.99
2016,cash,228.97
2016,bank_transfer,251.31
2016,bank_transfer,442.98
2016,cash,208.11
2016,online,79.32
2016,cash,249.2
2016,cash,499.31
2016,bank_transfer,220.9
2016,bank_transfer,136.87
2016,cash,70.31
2016,cash,126.94
2016,bank_transfer,195.83
2016,online,308.43
2016,bank_transfer,349.51
2016,cash,69.27
2016,cash,471.28
2016,bank_transfer,156.04
2016,bank_transfer,117.08
2016,bank_transfer,288.87
2016,bank_transfer,354.91
2016,bank_transfer,188.26
2016,bank_transfer,351.25
2016,bank_transfer,182.43
2016,online,455.98
2016,online,446.31
2016,online,82.04
2016,bank_transfer,117.68
2016,cash,364.13
2016,cash,50.05
2016,cash,419.82
2016,bank_transfer,210.31
2016,cash,385.08
2016,bank_transfer,69.91
2016,cash,144.17
2016,bank_transfer,81.86
2016,bank_transfer,130.92
2016,online,222.99
2016,cash,271.2
2016,bank_transfer,462.24
2016,bank_transfer,332.23
2016,online,367.92
2016,bank_transfer,86.95
2016,bank_transfer,179.05
2016,cash,496.28
2016,online,302.19
2016,cash,404.52
2016,bank_transfer,64.62
2016,online,87.83
2016,cash,99.15
2016,cash,56.88
2016,online,464.89
2016,online,164.14
2016,cash,498.46
2016,cash,382.16
2016,cash,162.77
2016,online,496.31
2016,online,440.84
2016,online,124.25
2016,bank_transfer,133.39
2016,cash,356.08
2016,cash,85.23
2016,cash,313.04
2016,online,79.97
2016,online,149.58
2016,online,476.8
2016,cash,274.36
2016,cash,308.17
2016,cash,171.36
2016,cash,248.03
2016,bank_transfer,109.85
2016,cash,282.48
2016,cash,74.28
2016,cash,71.71
2016,bank_transfer,355.84
2016,cash,74.74
2016,cash,284.58
2016,cash,169.71
2016,cash,134.46
2016,bank_transfer,307.99
2016,cash,183.41
2016,online,255.37
2016,online,112.54
2016,bank_transfer,106.92
2016,cash,97.94
2016,online,82.2
2016,cash,299.17
2016,bank_transfer,390.2
2016,bank_transfer,406.57
2016,cash,481.03
2016,cash,125.78
2016,online,111.03
2016,cash,261.48
2016,cash,437.45
2016,cash,395.18
2016,cash,301.18
2016,online,120.55
2016,cash,226.07
2016,cash,373.71
2016,cash,218.04
2016,online,67.6
2016,online,312.75
2016,cash,374.06
2016,bank_transfer,371.65
2016,cash,124.19
2016,bank_transfer,201.2
2016,cash,234.13
2016,online,239.22
2016,cash,101.37
2016,online,223.49
2016,bank_transfer,277.98
2016,cash,369.75
2016,bank_transfer,306.25
2016,cash,232.22
2016,cash,467.42
2016,cash,319.14
2016,online,488.66
2016,cash,440.32
2016,bank_transfer,353.13
2016,cash,454.69
2016,bank_transfer,496.06
2016,bank_transfer,149.39
2016,online,360.98
2016,bank_transfer,463.45
2016,cash,57.83
2016,cash,409.77
2016,cash,90.23
2016,cash,462.45
2016,cash,325.41
2016,online,122.93
2016,bank_transfer,67.73
2016,cash,422.52
2016,online,112.77
2016,bank_transfer,472.79
2016,bank_transfer,90.89
2016,cash,427.09
2016,bank_transfer,240.59
2016,online,442.73
2016,bank_transfer,395.86
2016,online,433.8
2016,bank_transfer,261.61
2016,online,371.2
2016,cash,193.4
2016,bank_transfer,71.23
2016,bank_transfer,154.58
2016,cash,50.61
2016,online,213.36
2016,bank_transfer,272.22
2016,cash,58.73
2016,bank_transfer,53.48
2016,cash,358.91
2016,cash,95.2
2016,cash,83.23
2016,cash,273.02
2016,bank_transfer,373.17
2016,cash,489.72
2016,cash,182.93
2016,bank_transfer,102.88
2016,bank_transfer,80.84
2016,bank_transfer,143.38
2016,cash,95.02
2016,bank_transfer,51.52
2016,bank_transfer,178.28
2016,bank_transfer,123.89
2016,online,58.21
2016,cash,209.58
2016,cash,421.66
2016,bank_transfer,186.65
2016,bank_transfer,369.54
2016,bank_transfer,377.93
2016,cash,61.5
2016,cash,482.8
2016,cash,112.55
2016,cash,372.86
2016,cash,220.75
2016,online,440.7
2016,cash,497.73
2016,cash,137.0
2017,online,257.19
2017,bank_transfer,92.91
2017,online,459.61
2017,bank_transfer,350.61
2017,bank_transfer,279.49
2017,cash,244.07
2017,bank_transfer,73.16
2017,cash,146.43
2017,online,435.24
2017,online,329.99
2017,cash,137.24
2017,online,135.14
2017,cash,207.56
2017,cash,326.88
2017,online,294.09
2017,bank_transfer,287.17
2017,cash,441.02
2017,cash,437.56
2017,online,430.34
2017,bank_transfer,366.1
2017,online,226.6
2017,cash,171.2
2017,cash,480.06
2017,cash,70.38
2017,cash,328.27
2017,cash,430.76
2017,bank_transfer,172.36
2017,bank_transfer,490.44
2017,online,448.67
2017,online,139.7
2017,bank_transfer,171.64
2017,cash,453.79
2017,bank_transfer,99.16
2017,online,134.81
2017,online,323.85
2017,online,116.16
2017,cash,307.65
2017,bank_transfer,309.0
2017,cash,318.36
2017,cash,162.82
2017,online,419.49
2017,bank_transfer,486.7
2017,cash,175.05
2017,bank_transfer,439.47
2017,cash,181.87
2017,cash,207.02
2017,online,403.45
2017,bank_transfer,111.8
2017,bank_transfer,77.81
2017,cash,223.98
2017,cash,108.36
2017,cash,85.8
2017,cash,314.93
2017,cash,132.79
2017,cash,185.41
2017,bank_transfer,378.09
2017,cash,91.85
2017,cash,497.29
2017,online,188.94
2017,cash,295.53
2017,bank_transfer,406.33
2017,bank_transfer,156.65
2017,cash,203.52
2017,bank_transfer,142.82
2017,cash,220.36
2017,cash,380.72
2017,online,371.49
2017,cash,131.91
2017,cash,264.62
2017,online,359.69
2017,bank_transfer,382.17
2017,bank_transfer,336.22
2017,bank_transfer,137.67
2017,cash,440.64
2017,bank_transfer,179.8
2017,online,216.46
2017,bank_transfer,301.32
2017,online,436.72
2017,online,342.34
2017,online,365.76
2017,cash,147.37
2017,cash,208.65
2017,bank_transfer,111.6
2017,cash,381.61
2017,cash,476.94
2017,cash,380.69
2017,online,106.11
2017,cash,362.01
2017,cash,244.95
2017,cash,91.45
2017,online,499.76
2017,online,375.86
2017,online,330.1
2017,cash,442.89
2017,cash,196.4
2017,cash,350.08
2017,online,260.73
2017,cash,105.78
2017,cash,293.48
2017,bank_transfer,334.36
2017,cash,262.96
2017,bank_transfer,106.37
2017,bank_transfer,83.88
2017,cash,349.18
2017,cash,427.06
2017,bank_transfer,465.84
2017,bank_transfer,224.68
2017,online,472.24
2017,cash,418.91
2017,bank_transfer,240.82
2017,cash,232.84
2017,cash,200.07
2017,cash,81.1
2017,cash,54.38
2017,online,160.47
2017,online,164.58
2017,bank_transfer,378.35
2017,cash,120.82
2017,cash,361.59
2017,online,378.65
2017,cash,256.87
2017,bank_transfer,102.94
2017,cash,373.78
2017,bank_transfer,461.14
2017,bank_transfer,214.78
2017,cash,391.43
2017,cash,383.86
2017,cash,74.32
2017,online,75.07
2017,cash,354.48
2017,cash,423.91
2017,online,464.25
2017,online,113.75
2017,bank_transfer,312.53
2017,online,176.92
2017,cash,150.22
2017,cash,382.27
2017,cash,235.94
2017,bank_transfer,246.96
2017,online,429.98
2017,bank_transfer,157.41
2017,cash,287.75
2017,bank_transfer,422.47
2017,bank_transfer,109.35
2017,cash,318.28
2017,online,426.74
2017,online,394.01
2017,cash,448.02
2017,cash,64.65
2017,bank_transfer,361.16
2017,online,141.77
2017,bank_transfer,300.66
2017,bank_transfer,398.65
2017,bank_transfer,239.09
2017,online,366.89
2017,online,428.18
2017,cash,475.57
2017,cash,295.29
2017,cash,192.24
2017,cash,225.51
2017,cash,439.52
2017,online,158.14
2017,online,447.47
2017,cash,76.03
2017,cash,487.1
2017,online,103.6
2017,bank_transfer,447.53
2017,cash,293.35
2017,cash,302.6
2017,cash,491.3
2017,online,478.11
2017,cash,409.37
2017,online,343.21
2017,online,354.97
2017,bank_transfer,110.06
2017,cash,260.33
2017,bank_transfer,243.12
2017,cash,95.86
2017,online,55.1
2017,bank_transfer,57.32
2017,online,381.86
2017,cash,251.36
2017,cash,270.76
2017,bank_transfer,164.1
2017,cash,293.38
2017,bank_transfer,107.24
2017,bank_transfer,123.6
2017,cash,417.94
2017,cash,62.34
2017,bank_transfer,462.21
2017,cash,202.18
2017,online,469.47
2017,online,78.66
2017,cash,190.72
2017,online,316.93
2017,bank_transfer,472.01
2017,cash,90.5
2017,online,414.14
2017,online,325.86
2017,online,338.0
2017,online,496.54
2017,online,194.49
2017,cash,212.08
2017,online,291.13
2017,cash,331.29
2017,online,190.29
2017,cash,367.85
2017,online,86.96
2017,cash,137.66
2017,bank_transfer,55.96
2017,online,387.33
2017,cash,476.55
2017,online,395.92
2017,online,127.79
2017,bank_transfer,177.74
2017,bank_transfer,352.03
2017,cash,189.25
2017,cash,233.07
2017,cash,165.11
2017,cash,290.4
2017,bank_transfer,441.26
2017,bank_transfer,157.86
2017,cash,288.29
2017,online,349.25
2017,bank_transfer,52.96
2017,cash,163.84
2017,online,305.27
2017,online,421.34
2017,bank_transfer,152.58
2017,cash,454.48
2017,cash,421.05
2017,online,227.33
2017,cash,416.06
2017,cash,432.16
2017,cash,176.75
2017,online,101.82
2017,cash,95.41
2017,online,446.34
2017,cash,272.48
2017,online,352.15
2017,bank_transfer,225.53
2017,bank_transfer,401.11
2017,cash,420.9
2017,cash,451.64
2017,cash,338.8
2017,cash,451.45
2017,bank_transfer,440.08
2017,bank_transfer,172.24
2017,bank_transfer,314.85
2017,online,167.97
2017,cash,337.02
2017,cash,453.72
2017,bank_transfer,267.41
2017,cash,421.05
2017,bank_transfer,57.7
2017,online,440.21
2017,bank_transfer,474.89
2017,online,191.03
2017,cash,369.34
2017,bank_transfer,418.65
2017,bank_transfer,105.92
2017,cash,236.5
2017,cash,142.96
2017,cash,385.95
2017,bank_transfer,232.66
2017,bank_transfer,50.06
2017,cash,168.19
2017,cash,141.49
2017,cash,83.65
2017,online,288.87
2017,cash,201.63
2017,online,148.52
2017,cash,471.5
2017,bank_transfer,195.7
2017,cash,107.47
2017,cash,285.43
2017,cash,451.55
2017,online,400.08
2017,bank_transfer,116.69
2017,cash,184.54
2017,bank_transfer,156.73
2017,cash,467.44
2017,bank_transfer,175.68
2017,bank_transfer,126.22
2017,cash,254.8
2017,cash,325.3
2017,cash,121.33
2017,bank_transfer,61.03
2017,online,92.64
2017,cash,342.93
2017,bank_transfer,123.55
2017,cash,166.48
2017,cash,354.07
2017,cash,442.11
2017,bank_transfer,478.7
2017,bank_transfer,222.61
2017,cash,151.87
2017,cash,382.61
2017,online,370.59
2017,cash,488.49
2018,cash,336.3
2018,online,52.76
2018,cash,298.01
2018,bank_transfer,128.68
2018,online,410.03
2018,cash,235.57
2018,bank_transfer,247.64
2018,bank_transfer,186.76
2018,cash,153.3
2018,online,121.98
2018,cash,233.45
2018,cash,291.91
2018,cash,455.42
2018,cash,230.88
2018,cash,194.79
2018,bank_transfer,418.18
2018,cash,363.29
2018,bank_transfer,101.65
2018,cash,368.3
2018,bank_transfer,478.04
2018,bank_transfer,273.74
2018,cash,270.76
2018,cash,375.61
2018,bank_transfer,139.94
2018,bank_transfer,215.15
2018,cash,192.61
2018,online,498.15
2018,online,122.73
2018,bank_transfer,128.28
2018,online,257.41
2018,cash,173.44
2018,cash,441.8
2018,online,246.41
2018,cash,358.2
2018,bank_transfer,418.19
2018,online,172.42
2018,bank_transfer,379.73
2018,online,229.59
2018,bank_transfer,164.53
2018,online,450.55
2018,cash,304.27
2018,online,273.35
2018,cash,131.27
2018,online,455.74
2018,cash,337.03
2018,bank_transfer,476.43
2018,bank_transfer,69.95
2018,bank_transfer,102.48
2018,cash,444.81
2018,online,253.29
2018,cash,260.14
2018,bank_transfer,150.48
2018,cash,269.79
2018,bank_transfer,247.34
2018,cash,374.39
2018,cash,335.97
2018,bank_transfer,409.54
2018,online,402.4
2018,cash,239.68
2018,online,185.67
2018,cash,197.06
2018,bank_transfer,495.47
2018,bank_transfer,234.15
2018,online,389.96
2018,bank_transfer,87.23
2018,online,243.3
2018,cash,197.99
2018,bank_transfer,122.1
2018,cash,60.74
2018,bank_transfer,163.38
2018,online,406.99
2018,cash,183.87
2018,bank_transfer,442.86
2018,bank_transfer,310.48
2018,cash,412.13
2018,online,499.71
2018,online,338.25
2018,cash,203.4
2018,cash,189.51
2018,cash,487.71
2018,bank_transfer,371.56
2018,cash,276.13
2018,online,146.33
2018,cash,270.45
2018,cash,392.96
2018,cash,488.62
2018,bank_transfer,352.76
2018,bank_transfer,61.09
2018,bank_transfer,259.33
2018,cash,422.45
2018,cash,279.73
2018,online,204.85
2018,cash,437.5
2018,online,309.92
2018,online,276.98
2018,cash,268.83
2018,cash,356.67
2018,bank_transfer,254.88
2018,cash,305.2
2018,cash,179.83
2018,cash,127.34
2018,bank_transfer,419.02
2018,cash,193.64
2018,cash,106.55
2018,bank_transfer,132.92
2018,bank_transfer,235.7
2018,cash,178.44
2018,online,362.79
2018,online,207.46
2018,cash,313.63
2018,online,125.2
2018,bank_transfer,111.46
2018,online,457.84
2018,cash,439.06
2018,cash,453.98
2018,cash,272.04
2018,cash,81.7
2018,cash,189.58
2018,cash,446.63
2018,bank_transfer,240.13
2018,bank_transfer,197.09
2018,bank_transfer,182.97
2018,bank_transfer,297.25
2018,online,253.52
2018,cash,218.7
2018,online,240.37
2018,online,170.0
2018,cash,136.32
2018,cash,140.83
2018,bank_transfer,67.25
2018,bank_transfer,475.52
2018,online,480.43
2018,bank_transfer,96.3
2018,bank_transfer,83.22
2018,online,237.32
2018,online,393.78
2018,online,421.72
2018,cash,59.63
2018,bank_transfer,177.49
2018,online,290.89
2018,cash,110.79
2018,cash,486.5
2018,bank_transfer,163.08
2018,bank_transfer,289.12
2018,bank_transfer,99.34
2018,cash,202.51
2018,cash,105.4
2018,cash,460.33
2018,bank_transfer,477.44
2018,bank_transfer,293.59
2018,bank_transfer,207.43
2018,cash,195.57
2018,cash,465.66
2018,cash,328.7
2018,bank_transfer,234.32
2018,bank_transfer,397.2
2018,bank_transfer,290.88
2018,bank_transfer,148.09
2018,cash,157.32
2018,cash,173.84
2018,cash,57.2
2018,cash,165.12
2018,bank_transfer,325.1
2018,cash,389.02
2018,cash,101.04
2018,cash,487.51
2018,cash,269.94
2018,cash,78.01
2018,online,472.99
2018,online,172.25
2018,cash,189.37
2018,cash,256.71
2018,bank_transfer,195.97
2018,cash,129.96
2018,online,107.21
2018,bank_transfer,279.36
2018,cash,81.74
2018,cash,369.43
2018,cash,203.85
2018,cash,496.68
2018,cash,78.28
2018,bank_transfer,71.86
2018,cash,163.31
2018,cash,208.23
2018,online,415.96
2018,cash,423.35
2018,cash,375.61
2018,bank_transfer,421.58
2018,cash,377.75
2018,cash,442.85
2018,bank_transfer,259.03
2018,bank_transfer,174.4
2018,online,333.26
2018,bank_transfer,214.06
2018,bank_transfer,80.44
2018,cash,435.13
2018,bank_transfer,425.34
2018,cash,273.34
2018,bank_transfer,259.71
2018,cash,103.49
2018,cash,106.65
2018,cash,408.99
2018,cash,434.3
2018,online,52.56
2018,bank_transfer,402.76
2018,bank_transfer,291.19
2018,bank_transfer,246.81
2018,cash,263.97
2018,bank_transfer,370.87
2018,cash,51.08
2018,cash,78.21
2018,cash,428.6
2018,bank_transfer,498.94
2018,bank_transfer,158.71
2018,bank_transfer,230.05
2018,bank_transfer,365.88
2018,bank_transfer,349.15
2018,cash,402.68
2018,online,461.35
2018,online,168.83
2018,online,287.18
2018,cash,113.22
2018,cash,486.64
2018,bank_transfer,390.83
2018,online,134.31
2018,bank_transfer,382.93
2018,cash,409.48
2018,cash,111.4
2018,cash,274.65
2018,bank_transfer,420.23
2018,bank_transfer,206.23
2018,cash,72.71
2018,bank_transfer,204.84
2018,cash,401.89
2018,cash,95.18
2018,online,189.61
2018,cash,434.11
2018,cash,122.87
2018,online,224.89
2018,bank_transfer,299.38
2018,cash,130.07
2018,online,365.29
2018,cash,401.59
2018,cash,335.56
2018,bank_transfer,437.81
2018,bank_transfer,108.82
2018,cash,51.48
2018,cash,170.12
2018,bank_transfer,428.02
2018,cash,107.14
2018,online,393.73
2018,bank_transfer,468.19
2018,online,302.35
2018,cash,447.37
2018,cash,161.65
2018,cash,375.27
2018,bank_transfer,401.06
2018,cash,269.37
2018,bank_transfer,321.24
2018,bank_transfer,90.0
2018,cash,174.35
2018,bank_transfer,84.56
2018,cash,157.75
2018,cash,451.66
2018,cash,63.88
2018,online,273.57
2018,bank_transfer,285.2
2018,bank_transfer,178.6
2018,cash,401.73
2018,cash,315.29
2018,online,137.86
2018,cash,262.03
2018,online,60.52
2018,cash,58.06
2018,bank_transfer,380.7
2018,cash,127.52
2018,online,485.82
2018,bank_transfer,211.19
2018,online,364.42
2018,cash,258.11
2018,cash,234.26
2018,cash,350.57
2018,cash,331.73
2018,online,444.59
2018,bank_transfer,87.99
2018,bank_transfer,277.95
2018,cash,323.46
2018,cash,342.43
2018,cash,331.47
2018,cash,215.53
2018,online,63.98
2018,online,371.07
2018,cash,69.73
2018,cash,261.82
2018,cash,373.61
2018,bank_transfer,173.08
2018,online,62.51
2018,cash,91.72
2018,bank_transfer,112.6
2018,online,349.29
2019,bank_transfer,92.49
2019,online,396.43
2019,cash,149.89
2019,cash,159.33
2019,cash,108.77
2019,cash,319.85
2019,online,281.25
2019,cash,176.69
2019,online,346.16
2019,cash,400.0
2019,online,490.82
2019,cash,265.42
2019,cash,235.84
2019,bank_transfer,181.48
2019,cash,403.07
2019,cash,487.5
2019,cash,320.19
2019,cash,339.04
2019,cash,360.11
2019,bank_transfer,240.48
2019,online,149.16
2019,cash,165.25
2019,cash,327.74
2019,cash,336.94
2019,cash,257.86
2019,bank_transfer,69.5
2019,cash,444.76
2019,bank_transfer,159.94
2019,cash,311.46
2019,online,382.4
2019,bank_transfer,132.95
2019,bank_transfer,262.98
2019,bank_transfer,50.6
2019,cash,71.35
2019,online,162.72
2019,cash,346.43
2019,online,449.0
2019,bank_transfer,241.02
2019,online,61.27
2019,cash,181.72
2019,online,480.65
2019,bank_transfer,100.05
2019,cash,390.07
2019,cash,386.3
2019,bank_transfer,315.47
2019,cash,468.9
2019,bank_transfer,338.97
2019,bank_transfer,484.93
2019,cash,421.76
2019,bank_transfer,407.32
2019,bank_transfer,477.97
2019,cash,327.67
2019,bank_transfer,195.06
2019,cash,96.65
2019,online,362.42
2019,cash,285.48
2019,cash,223.45
2019,bank_transfer,477.39
2019,online,460.59
2019,cash,220.08
2019,bank_transfer,475.47
2019,bank_transfer,244.41
2019,cash,142.76
2019,bank_transfer,329.29
2019,cash,92.41
2019,bank_transfer,118.7
2019,cash,416.42
2019,bank_transfer,418.6
2019,bank_transfer,158.28
2019,bank_transfer,386.09
2019,bank_transfer,488.11
2019,online,481.03
2019,cash,250.04
2019,cash,438.76
2019,online,300.7
2019,cash,304.15
2019,bank_transfer,157.67
2019,online,222.9
2019,cash,146.69
2019,cash,384.1
2019,cash,338.27
2019,bank_transfer,412.01
2019,cash,328.95
2019,online,174.73
2019,bank_transfer,478.64
2019,online,342.82
2019,cash,264.35
2019,online,399.91
2019,cash,164.58
2019,bank_transfer,414.87
2019,bank_transfer,202.23
2019,cash,83.6
2019,bank_transfer,402.3
2019,cash,135.93
2019,cash,339.94
2019,online,171.4
2019,online,358.45
2019,bank_transfer,106.74
2019,cash,330.76
2019,online,136.41
2019,cash,276.51
2019,bank_transfer,442.72
2019,cash,263.94
2019,bank_transfer,397.43
2019,online,115.9
2019,cash,345.72
2019,bank_transfer,118.39
2019,online,395.85
2019,online,371.33
2019,cash,231.08
2019,cash,261.52
2019,online,125.79
2019,bank_transfer,335.98
2019,cash,460.71
2019,cash,302.19
2019,cash,191.82
2019,cash,234.25
2019,bank_transfer,148.23
2019,bank_transfer,248.79
2019,bank_transfer,272.81
2019,online,473.34
2019,cash,243.46
2019,cash,438.01
2019,cash,125.07
2019,bank_transfer,295.33
2019,bank_transfer,315.85
2019,cash,317.17
2019,online,275.97
2019,cash,395.22
2019,online,127.79
2019,bank_transfer,80.65
2019,online,114.22
2019,bank_transfer,303.45
2019,cash,162.38
2019,bank_transfer,382.34
2019,cash,78.29
2019,cash,459.05
2019,cash,478.27
2019,cash,403.54
2019,cash,445.08
2019,online,220.25
2019,bank_transfer,121.82
2019,cash,139.98
2019,bank_transfer,275.57
2019,cash,347.62
2019,online,305.96
2019,cash,97.22
2019,cash,377.26
2019,cash,405.05
2019,online,63.29
2019,cash,256.5
2019,online,247.01
2019,cash,80.25
2019,cash,129.55
2019,online,416.75
2019,bank_transfer,313.09
2019,cash,148.51
2019,cash,256.28
2019,bank_transfer,434.58
2019,cash,96.03
2019,bank_transfer,479.97
2019,bank_transfer,113.64
2019,bank_transfer,180.84
2019,cash,131.67
2019,cash,261.3
2019,bank_transfer,189.75
2019,bank_transfer,494.83
2019,bank_transfer,56.93
2019,bank_transfer,194.69
2019,bank_transfer,317.61
2019,cash,203.01
2019,cash,255.1
2019,bank_transfer,241.35
2019,cash,88.8
2019,cash,342.07
2019,cash,425.31
2019,cash,287.52
2019,cash,117.31
2019,online,266.57
2019,bank_transfer,56.36
2019,bank_transfer,458.37
2019,cash,158.27
2019,online,456.06
2019,cash,312.85
2019,bank_transfer,492.5
2019,cash,432.2
2019,online,54.99
2019,cash,56.8
2019,bank_transfer,384.55
2019,cash,282.56
2019,bank_transfer,389.91
2019,cash,315.36
2019,online,154.53
2019,cash,403.97
2019,cash,63.97
2019,cash,412.93
2019,bank_transfer,349.29
2019,bank_transfer,352.97
2019,online,69.74
2019,cash,144.4
2019,cash,270.02
2019,cash,248.93
2019,bank_transfer,61.91
2019,cash,201.12
2019,cash,485.36
2019,cash,187.95
2019,bank_transfer,334.75
2019,bank_transfer,356.76
2019,cash,330.65
2019,cash,180.36
2019,bank_transfer,307.26
2019,online,366.84
2019,bank_transfer,222.49
2019,cash,176.14
2019,bank_transfer,173.75
2019,cash,463.15
2019,online,340.01
2019,cash,388.6
2019,online,305.52
2019,cash,333.71
2019,bank_transfer,174.43
2019,cash,451.78
2019,bank_transfer,275.54
2019,bank_transfer,412.41
2019,cash,283.11
2019,bank_transfer,102.34
2019,online,100.32
2019,bank_transfer,258.85
2019,online,243.45
2019,bank_transfer,460.98
2019,cash,109.28
2019,bank_transfer,358.95
2019,cash,463.16
2019,cash,234.98
2019,online,448.24
2019,bank_transfer,114.94
2019,cash,97.41
2019,bank_transfer,155.02
2019,cash,284.54
2019,cash,340.89
2019,bank_transfer,397.06
2019,cash,394.95
2019,online,100.35
2019,bank_transfer,443.3
2019,bank_transfer,100.55
2019,cash,454.01
2019,bank_transfer,480.93
2019,cash,312.84
2019,bank_transfer,362.25
2019,cash,216.38
2019,online,297.79
2019,bank_transfer,424.43
2019,cash,121.77
2019,cash,275.79
2019,cash,234.15
2019,cash,439.87
2019,bank_transfer,108.95
2019,cash,451.29
2019,bank_transfer,162.62
2019,online,322.56
2019,cash,220.95
2019,cash,469.73
2019,bank_transfer,138.89
2019,online,276.14
2019,cash,152.73
2019,cash,410.55
2019,online,171.97
2019,bank_transfer,479.07
2019,cash,465.98
2019,online,263.84
2019,online,55.82
2019,bank_transfer,484.44
2019,online,358.68
2019,online,271.39
2019,cash,321.84
2019,cash,99.94
2019,bank_transfer,120.89
2019,bank_transfer,337.51
2019,bank_transfer,72.03
2019,bank_transfer,366.04
2019,cash,463.9
2019,cash,369.03
2019,cash,302.29
2019,bank_transfer,407.39
2019,cash,386.81
2019,cash,315.8
2019,cash,138.66
2019,bank_transfer,53.52
2019,bank_transfer,255.79
2019,bank_transfer,158.47
2019,bank_transfer,152.21
2019,bank_transfer,278.01
2019,online,218.93
2019,online,276.83
2019,cash,171.17
2019,cash,324.55
2019,online,329.89
2019,bank_transfer,144.01
2019,cash,305.36
2019,cash,250.35
2020,online,255.17
2020,bank_transfer,413.38
2020,cash,169.75
2020,online,233.01
2020,bank_transfer,360.7
2020,online,252.45
2020,online,479.33
2020,cash,432.59
2020,cash,180.49
2020,online,50.25
2020,online,291.3
2020,cash,433.97
2020,cash,459.13
2020,bank_transfer,104.91
2020,cash,451.13
2020,cash,273.95
2020,online,490.64
2020,bank_transfer,410.77
2020,bank_transfer,124.97
2020,bank_transfer,287.14
2020,cash,446.58
2020,cash,416.06
2020,online,485.65
2020,online,425.39
2020,bank_transfer,496.02
2020,online,286.08
2020,bank_transfer,318.32
2020,online,81.43
2020,online,227.33
2020,online,191.98
2020,cash,462.66
2020,cash,199.05
2020,bank_transfer,448.75
2020,online,157.64
2020,online,311.9
2020,bank_transfer,290.59
2020,cash,94.31
2020,cash,192.72
2020,bank_transfer,493.62
2020,cash,317.52
2020,cash,421.95
2020,online,373.77
2020,cash,455.15
2020,cash,205.02
2020,cash,149.48
2020,cash,82.18
2020,cash,428.79
2020,bank_transfer,285.27
2020,cash,373.68
2020,online,78.84
2020,cash,430.94
2020,cash,312.21
2020,cash,103.01
2020,cash,274.32
2020,bank_transfer,318.7
2020,online,203.34
2020,online,370.0
2020,cash,311.6
2020,cash,428.19
2020,bank_transfer,438.57
2020,cash,78.01
2020,cash,340.92
2020,online,375.17
2020,bank_transfer,114.18
2020,cash,447.55
2020,bank_transfer,435.41
2020,online,112.77
2020,online,447.48
2020,cash,340.99
2020,cash,404.05
2020,cash,409.35
2020,online,122.82
2020,cash,78.2
2020,online,336.64
2020,bank_transfer,201.76
2020,cash,167.21
2020,online,108.44
2020,bank_transfer,436.72
2020,cash,307.14
2020,cash,426.52
2020,online,300.54
2020,bank_transfer,71.83
2020,cash,148.78
2020,online,417.74
2020,cash,136.07
2020,bank_transfer,460.54
2020,online,193.89
2020,cash,240.07
2020,bank_transfer,347.93
2020,online,410.03
2020,cash,394.52
2020,cash,417.37
2020,online,279.33
2020,bank_transfer,194.85
2020,bank_transfer,146.72
2020,online,481.64
2020,bank_transfer,308.17
2020,online,486.04
2020,online,272.02
2020,bank_transfer,218.82
2020,bank_transfer,325.1
2020,cash,496.9
2020,bank_transfer,439.12
2020,bank_transfer,234.3
2020,cash,69.35
2020,cash,233.91
2020,cash,391.41
2020,bank_transfer,50.78
2020,cash,424.7
2020,bank_transfer,167.15
2020,online,214.77
2020,online,464.31
2020,bank_transfer,218.36
2020,online,265.18
2020,bank_transfer,249.76
2020,cash,213.31
2020,bank_transfer,86.66
2020,cash,240.74
2020,bank_transfer,271.92
2020,cash,148.24
2020,cash,421.54
2020,cash,272.56
2020,online,157.36
2020,cash,95.16
2020,cash,310.02
2020,cash,265.36
2020,cash,371.85
2020,cash,494.75
2020,cash,140.19
2020,cash,379.92
2020,cash,244.18
2020,bank_transfer,227.89
2020,online,180.04
2020,bank_transfer,210.9
2020,bank_transfer,103.03
2020,cash,254.93
2020,cash,314.41
2020,cash,175.79
2020,cash,254.15
2020,online,262.42
2020,cash,346.82
2020,cash,312.59
2020,online,474.57
2020,online,286.73
2020,cash,323.31
2020,online,288.77
2020,bank_transfer,205.3
2020,cash,122.99
2020,cash,57.37
2020,online,149.93
2020,cash,301.24
2020,online,62.36
2020,cash,193.04
2020,bank_transfer,68.45
2020,cash,358.96
2020,bank_transfer,281.06
2020,bank_transfer,451.54
2020,online,333.33
2020,online,366.79
2020,cash,447.0
2020,cash,453.48
2020,cash,215.92
2020,bank_transfer,313.18
2020,cash,231.6
2020,cash,304.88
2020,online,473.54
2020,online,496.92
2020,online,262.27
2020,cash,79.05
2020,bank_transfer,481.97
2020,online,103.32
2020,cash,60.98
2020,bank_transfer,364.38
2020,cash,432.08
2020,cash,327.95
2020,cash,317.15
2020,cash,197.87
2020,bank_transfer,331.57
2020,online,421.1
2020,cash,197.08
2020,online,257.37
2020,cash,339.0
2020,cash,401.73
2020,cash,336.93
2020,cash,120.75
2020,cash,288.42
2020,bank_transfer,245.92
2020,bank_transfer,340.49
2020,cash,340.69
2020,bank_transfer,93.84
2020,online,112.4
2020,bank_transfer,89.38
2020,bank_transfer,93.16
2020,bank_transfer,285.94
2020,cash,51.23
2020,bank_transfer,402.25
2020,online,305.89
2020,online,374.46
2020,bank_transfer,266.27
2020,online,458.01
2020,cash,420.27
2020,online,274.25
2020,cash,159.89
2020,bank_transfer,106.92
2020,bank_transfer,429.38
2020,cash,354.59
2020,bank_transfer,169.33
2020,bank_transfer,376.75
2020,bank_transfer,188.59
2020,cash,164.65
2020,cash,382.63
2020,cash,382.79
2020,bank_transfer,420.74
2020,bank_transfer,432.4
2020,cash,296.04
2020,cash,166.09
2020,bank_transfer,322.49
2020,cash,184.52
2020,bank_transfer,406.8
2020,cash,103.52
2020,cash,196.87
2020,bank_transfer,67.1
2020,bank_transfer,250.45
2020,cash,113.02
2020,cash,487.7
2020,cash,210.08
2020,cash,405.44
2020,cash,422.91
2020,online,91.41
2020,cash,350.89
2020,bank_transfer,204.92
2020,online,184.14
2020,cash,389.48
2020,online,164.42
2020,cash,189.43
2020,bank_transfer,390.55
2020,cash,207.3
2020,online,226.6
2020,cash,383.44
2020,bank_transfer,112.31
2020,online,361.79
2020,cash,195.41
2020,cash,429.85
2020,cash,328.26
2020,cash,53.45
2020,bank_transfer,109.48
2020,bank_transfer,387.73
2020,bank_transfer,148.91
2020,online,57.67
2020,cash,382.29
2020,cash,352.66
2020,bank_transfer,150.47
2020,bank_transfer,331.66
2020,cash,332.23
2020,online,472.72
2020,cash,93.98
2020,online,127.15
2020,online,185.96
2020,cash,394.9
2020,online,262.35
2020,cash,215.68
2020,bank_transfer,221.6
2020,bank_transfer,278.63
2020,online,196.21
2020,online,356.78
2020,bank_transfer,61.31
2020,bank_transfer,319.01
2020,bank_transfer,212.2
2020,bank_transfer,265.5
2020,bank_transfer,388.85
2020,cash,65.97
2020,cash,147.46
2020,bank_transfer,280.15
2020,cash,327.77
2020,bank_transfer,133.32
2020,bank_transfer,137.78
2020,cash,330.71
2020,cash,375.7
2020,bank_transfer,252.46
2020,cash,250.66
2020,online,230.07
2020,online,163.6
2020,online,493.52
2020,cash,331.64
2020,cash,210.32
2020,bank_transfer,165.12
2020,bank_transfer,163.13
2020,cash,192.85
2020,cash,299.61
2020,online,311.75
2020,online,347.77
2020,online,60.68
2020,cash,309.57
2020,bank_transfer,311.66
2020,bank_transfer,463.67
2020,bank_transfer,154.2
2020,cash,69.49
2020,bank_transfer,475.58
2020,online,303.5
2020,cash,96.81
2021,cash,234.97
2021,cash,75.05
2021,online,325.4
2021,cash,136.24
2021,online,88.11
2021,bank_transfer,250.71
2021,cash,203.22
2021,bank_transfer,488.74
2021,bank_transfer,410.41
2021,online,171.68
2021,online,316.19
2021,online,290.59
2021,bank_transfer,133.13
2021,bank_transfer,394.09
2021,bank_transfer,365.34
2021,cash,107.59
2021,cash,376.16
2021,cash,332.9
2021,online,54.41
2021,cash,73.23
2021,bank_transfer,296.27
2021,cash,90.83
2021,cash,323.14
2021,online,127.78
2021,cash,359.12
2021,online,216.42
2021,online,383.66
2021,cash,136.21
2021,cash,344.07
2021,cash,487.65
2021,bank_transfer,269.98
2021,cash,175.62
2021,cash,191.68
2021,bank_transfer,135.49
2021,cash,307.93
2021,cash,280.92
2021,bank_transfer,297.46
2021,bank_transfer,357.5
2021,online,58.06
2021,online,106.65
2021,bank_transfer,146.01
2021,online,53.09
2021,cash,133.48
2021,bank_transfer,430.46
2021,bank_transfer,342.48
2021,cash,122.51
2021,cash,66.05
2021,cash,162.2
2021,online,371.03
2021,online,250.7
2021,bank_transfer,290.98
2021,cash,291.02
2021,online,156.02
2021,cash,125.94
2021,bank_transfer,121.1
2021,bank_transfer,483.91
2021,bank_transfer,472.78
2021,online,386.49
2021,cash,341.27
2021,cash,151.24
2021,bank_transfer,102.56
2021,cash,470.55
2021,bank_transfer,176.29
2021,cash,135.24
2021,online,466.14
2021,cash,120.31
2021,bank_transfer,184.13
2021,cash,130.15
2021,online,56.65
2021,online,132.84
2021,cash,254.39
2021,cash,288.82
2021,cash,125.51
2021,bank_transfer,372.49
2021,cash,290.98
2021,bank_transfer,320.25
2021,cash,193.69
2021,cash,139.38
2021,online,408.51
2021,cash,208.87
2021,bank_transfer,284.85
2021,bank_transfer,383.67
2021,cash,443.9
2021,cash,251.82
2021,cash,487.61
2021,cash,287.43
2021,cash,407.12
2021,online,84.7
2021,bank_transfer,91.8
2021,online,326.43
2021,cash,223.42
2021,cash,393.81
2021,cash,307.31
2021,online,328.06
2021,bank_transfer,125.4
2021,cash,298.3
2021,cash,295.11
2021,bank_transfer,381.88
2021,cash,366.39
2021,bank_transfer,330.3
2021,cash,121.55
2021,bank_transfer,485.95
2021,cash,324.13
2021,bank_transfer,123.69
2021,bank_transfer,411.87
2021,online,113.52
2021,online,171.91
2021,online,303.33
2021,online,118.51
2021,online,89.05
2021,cash,356.08
2021,online,68.72
2021,bank_transfer,207.76
2021,cash,160.48
2021,online,471.03
2021,online,310.6
2021,cash,81.15
2021,bank_transfer,234.3
2021,cash,218.23
2021,cash,115.43
2021,cash,379.88
2021,cash,134.23
2021,online,431.57
2021,online,472.07
2021,cash,89.34
2021,cash,347.24
2021,bank_transfer,331.86
2021,cash,280.56
2021,cash,336.61
2021,bank_transfer,457.02
2021,bank_transfer,390.41
2021,cash,340.46
2021,cash,242.49
2021,bank_transfer,158.92
2021,online,141.75
2021,cash,147.65
2021,online,438.89
2021,cash,103.92
2021,online,102.19
2021,cash,59.58
2021,online,376.91
2021,bank_transfer,52.4
2021,cash,464.04
2021,cash,487.06
2021,bank_transfer,155.33
2021,online,68.36
2021,online,483.72
2021,cash,144.16
2021,online,291.18
2021,cash,342.03
2021,cash,316.71
2021,bank_transfer,430.69
2021,cash,267.73
2021,cash,284.95
2021,online,499.55
2021,cash,302.33
2021,cash,138.99
2021,cash,125.48
2021,online,440.46
2021,online,211.89
2021,bank_transfer,476.17
2021,cash,412.5
2021,online,475.09
2021,cash,302.74
2021,cash,68.85
2021,online,432.89
2021,bank_transfer,310.79
2021,cash,440.5
2021,cash,177.91
2021,online,435.66
2021,cash,140.26
2021,online,176.95
2021,bank_transfer,115.18
2021,cash,112.31
2021,bank_transfer,96.81
2021,bank_transfer,290.76
2021,cash,354.04
2021,bank_transfer,145.18
2021,cash,461.73
2021,bank_transfer,94.76
2021,cash,99.08
2021,online,447.74
2021,online,362.06
2021,cash,132.25
2021,online,493.44
2021,online,64.81
2021,cash,98.83
2021,cash,176.93
2021,bank_transfer,380.54
2021,bank_transfer,371.64
2021,bank_transfer,408.78
2021,cash,295.32
2021,bank_transfer,319.8
2021,cash,205.3
2021,cash,222.86
2021,bank_transfer,93.44
2021,cash,103.38
2021,bank_transfer,363.71
2021,cash,61.18
2021,bank_transfer,253.63
2021,bank_transfer,347.97
2021,online,267.1
2021,cash,81.02
2021,online,395.3
2021,online,264.21
2021,cash,181.67
2021,cash,126.52
2021,cash,326.54
2021,cash,465.87
2021,online,168.97
2021,online,443.57
2021,online,348.57
2021,bank_transfer,58.23
2021,cash,432.25
2021,cash,228.24
2021,bank_transfer,430.17
2021,cash,139.54
2021,bank_transfer,283.36
2021,bank_transfer,142.27
2021,online,270.2
2021,online,464.9
2021,online,277.51
2021,cash,496.84
2021,bank_transfer,171.9
2021,cash,321.38
2021,bank_transfer,485.09
2021,bank_transfer,389.62
2021,online,361.35
2021,bank_transfer,384.29
2021,cash,198.65
2021,bank_transfer,180.82
2021,cash,115.1
2021,cash,321.51
2021,bank_transfer,465.08
2021,online,394.23
2021,cash,493.72
2021,bank_transfer,496.32
2021,bank_transfer,245.33
2021,online,282.55
2021,cash,420.82
2021,bank_transfer,394.5
2021,bank_transfer,398.72
2021,cash,300.91
2021,online,314.1
2021,cash,429.55
2021,bank_transfer,474.63
2021,cash,399.77
2021,online,397.16
2021,online,121.27
2021,bank_transfer,435.07
2021,online,475.32
2021,online,172.63
2021,cash,136.16
2021,online,124.21
2021,bank_transfer,60.14
2021,bank_transfer,232.93
2021,cash,130.56
2021,online,107.26
2021,cash,378.13
2021,bank_transfer,392.91
2021,online,365.69
2021,online,349.64
2021,cash,282.91
2021,online,77.58
2021,cash,490.12
2021,cash,493.65
2021,online,448.09
2021,bank_transfer,392.94
2021,bank_transfer,394.69
2021,cash,318.21
2021,cash,100.57
2021,cash,419.85
2021,online,354.8
2021,cash,85.18
2021,bank_transfer,323.23
2021,bank_transfer,134.26
2021,bank_transfer,300.51
2021,online,162.3
2021,online,337.28
2021,online,399.27
2021,cash,72.35
2021,online,83.04
2021,online,499.02
2021,cash,357.56
2021,bank_transfer,189.09
2021,cash,157.05
2021,cash,238.46
2021,online,475.63
2021,cash,360.26
2021,cash,497.17
2021,bank_transfer,297.68
2021,cash,240.14
2021,online,142.28
2021,cash,292.23
2021,bank_transfer,339.77
2021,online,281.86
2021,cash,110.32
2021,cash,125.62
2021,cash,404.81
2021,cash,146.26
2022,cash,395.33
2022,cash,51.46
2022,online,161.72
2022,bank_transfer,487.37
2022,online,96.52
2022,cash,314.72
2022,bank_transfer,75.56
2022,cash,258.0
2022,bank_transfer,329.89
2022,cash,289.09
2022,bank_transfer,351.48
2022,cash,118.32
2022,cash,366.62
2022,bank_transfer,64.0
2022,bank_transfer,183.29
2022,bank_transfer,467.36
2022,cash,132.62
2022,cash,119.57
2022,cash,235.11
2022,cash,245.44
2022,cash,177.16
2022,bank_transfer,135.27
2022,cash,155.35
2022,bank_transfer,356.11
2022,bank_transfer,101.47
2022,online,102.61
2022,bank_transfer,121.3
2022,bank_transfer,457.32
2022,bank_transfer,433.22
2022,bank_transfer,477.16
2022,online,472.09
2022,bank_transfer,78.03
2022,online,416.61
2022,cash,205.86
2022,online,415.5
2022,bank_transfer,475.98
2022,cash,368.43
2022,cash,430.47
2022,bank_transfer,301.29
2022,online,285.94
2022,online,476.78
2022,bank_transfer,241.86
2022,cash,93.37
2022,online,147.01
2022,bank_transfer,354.41
2022,online,232.83
2022,cash,397.81
2022,cash,290.46
2022,cash,110.6
2022,online,347.86
2022,online,477.48
2022,bank_transfer,280.58
2022,cash,446.06
2022,cash,487.13
2022,cash,178.23
2022,cash,286.62
2022,online,58.52
2022,online,284.51
2022,cash,145.84
2022,online,235.98
2022,cash,79.0
2022,bank_transfer,402.46
2022,bank_transfer,308.44
2022,cash,339.23
2022,online,226.18
2022,online,94.19
2022,bank_transfer,215.04
2022,online,322.66
2022,cash,301.25
2022,cash,388.98
2022,online,207.39
2022,bank_transfer,475.18
2022,cash,355.19
2022,bank_transfer,293.06
2022,cash,78.15
2022,bank_transfer,306.58
2022,bank_transfer,418.06
2022,bank_transfer,203.37
2022,bank_transfer,415.89
2022,cash,440.87
2022,bank_transfer,393.07
2022,online,229.13
2022,cash,87.05
2022,cash,305.41
2022,bank_transfer,233.76
2022,cash,216.06
2022,online,113.64
2022,bank_transfer,349.67
2022,bank_transfer,249.28
2022,cash,212.88
2022,cash,473.9
2022,cash,225.38
2022,cash,127.84
2022,cash,77.93
2022,online,494.02
2022,bank_transfer,219.05
2022,bank_transfer,428.33
2022,bank_transfer,83.82
2022,bank_transfer,274.09
2022,cash,229.77
2022,bank_transfer,169.35
2022,bank_transfer,384.59
2022,cash,342.39
2022,cash,81.44
2022,cash,178.28
2022,cash,170.07
2022,cash,460.98
2022,bank_transfer,152.88
2022,bank_transfer,280.84
2022,cash,482.06
2022,online,496.52
2022,online,277.39
2022,online,217.88
2022,bank_transfer,251.2
2022,online,149.12
2022,bank_transfer,497.58
2022,cash,192.81
2022,cash,122.7
2022,online,103.61
2022,bank_transfer,442.37
2022,bank_transfer,163.23
2022,cash,194.62
2022,bank_transfer,187.05
2022,bank_transfer,387.45
2022,online,443.77
2022,cash,167.21
2022,cash,114.22
2022,bank_transfer,372.01
2022,online,261.11
2022,cash,91.03
2022,cash,238.11
2022,cash,79.75
2022,bank_transfer,491.88
2022,online,458.91
2022,cash,478.62
2022,online,434.93
2022,cash,57.57
2022,bank_transfer,106.32
2022,bank_transfer,352.79
2022,cash,113.81
2022,online,254.83
2022,cash,141.49
2022,cash,118.13
2022,cash,97.65
2022,online,427.82
2022,bank_transfer,427.09
2022,cash,270.14
2022,cash,326.26
2022,bank_transfer,153.85
2022,cash,462.64
2022,online,307.93
2022,online,337.28
2022,cash,251.73
2022,bank_transfer,353.11
2022,bank_transfer,341.09
2022,cash,488.32
2022,online,319.87
2022,cash,124.75
2022,bank_transfer,372.38
2022,cash,183.67
2022,cash,151.33
2022,cash,258.0
2022,online,292.4
2022,online,67.8
2022,bank_transfer,313.7
2022,cash,352.9
2022,cash,459.29
2022,online,294.49
2022,cash,95.09
2022,cash,309.74
2022,bank_transfer,436.53
2022,cash,352.55
2022,cash,431.05
2022,bank_transfer,110.98
2022,cash,277.08
2022,bank_transfer,296.38
2022,cash,426.83
2022,cash,196.4
2022,cash,372.99
2022,bank_transfer,317.75
2022,bank_transfer,188.8
2022,cash,312.84
2022,bank_transfer,423.26
2022,bank_transfer,268.0
2022,bank_transfer,56.05
2022,cash,151.04
2022,bank_transfer,235.14
2022,bank_transfer,356.97
2022,cash,464.71
2022,bank_transfer,212.45
2022,cash,161.97
2022,cash,95.35
2022,bank_transfer,380.26
2022,cash,369.47
2022,bank_transfer,336.59
2022,bank_transfer,414.36
2022,cash,251.62
2022,cash,102.99
2022,bank_transfer,199.16
2022,online,127.92
2022,online,472.38
2022,cash,455.66
2022,online,332.0
2022,bank_transfer,472.66
2022,online,477.78
2022,online,459.17
2022,cash,183.6
2022,cash,63.73
2022,online,282.72
2022,cash,339.75
2022,cash,260.49
2022,bank_transfer,490.25
2022,bank_transfer,362.9
2022,cash,315.68
2022,online,399.21
2022,bank_transfer,288.83
2022,cash,442.28
2022,bank_transfer,259.74
2022,bank_transfer,96.88
2022,cash,139.08
2022,cash,251.07
2022,bank_transfer,248.13
2022,cash,467.05
2022,online,244.12
2022,cash,87.02
2022,online,265.46
2022,cash,370.73
2022,online,152.95
2022,bank_transfer,442.3
2022,cash,53.37
2022,cash,367.11
2022,cash,162.31
2022,cash,378.15
2022,bank_transfer,322.96
2022,bank_transfer,455.89
2022,cash,89.6
2022,cash,270.06
2022,bank_transfer,323.46
2022,bank_transfer,439.17
2022,bank_transfer,56.91
2022,bank_transfer,407.6
2022,cash,264.52
2022,online,453.28
2022,online,93.95
2022,cash,152.84
2022,online,271.42
2022,cash,359.21
2022,cash,108.01
2022,cash,323.2
2022,cash,246.04
2022,cash,205.95
2022,cash,371.53
2022,bank_transfer,304.6
2022,online,90.52
2022,online,224.52
2022,cash,66.49
2022,bank_transfer,220.23
2022,online,465.78
2022,cash,333.17
2022,cash,370.77
2022,cash,182.01
2022,bank_transfer,357.4
2022,cash,481.69
2022,cash,382.44
2022,online,435.55
2022,online,115.99
2022,online,273.26
2022,cash,140.33
2022,online,314.17
2022,bank_transfer,332.7
2022,cash,77.32
2022,bank_transfer,489.16
2022,cash,389.01
2022,cash,343.12
2022,cash,196.94
2022,online,214.93
2022,cash,80.0
2022,cash,106.11
2022,cash,218.1
2022,cash,396.81
2022,cash,380.64
2022,cash,135.91
2022,bank_transfer,177.5
2022,bank_transfer,76.94
2022,cash,373.73
2022,bank_transfer,468.09
2022,bank_transfer,244.56
2022,online,169.4
2022,cash,154.35
2022,online,402.3
2022,online,343.57
2022,bank_transfer,493.86
2022,cash,478.16
2022,bank_transfer,82.89
2022,bank_transfer,131.23
2022,cash,115.58
2022,online,276.75
2022,cash,230.97
2022,cash,405.17
2022,cash,139.21
2023,cash,210.56
2023,bank_transfer,371.14
2023,cash,268.39
2023,online,177.12
2023,cash,120.25
2023,cash,67.4
2023,cash,149.55
2023,online,465.03
2023,cash,497.23
2023,cash,411.88
2023,cash,257.76
2023,online,371.51
2023,online,420.51
2023,online,211.74
2023,bank_transfer,129.91
2023,cash,123.12
2023,cash,308.31
2023,cash,78.1
2023,bank_transfer,497.21
2023,cash,250.99
2023,cash,152.9
2023,bank_transfer,283.06
2023,bank_transfer,161.93
2023,cash,327.69
2023,cash,419.59
2023,online,240.26
2023,cash,381.73
2023,bank_transfer,316.48
2023,cash,126.2
2023,cash,146.4
2023,cash,295.11
2023,cash,432.09
2023,cash,249.91
2023,cash,331.61
2023,bank_transfer,391.49
2023,cash,409.29
2023,cash,341.42
2023,cash,401.82
2023,cash,322.29
2023,online,466.01
2023,bank_transfer,204.01
2023,bank_transfer,426.32
2023,online,341.56
2023,online,307.95
2023,cash,373.14
2023,bank_transfer,60.4
2023,bank_transfer,401.59
2023,cash,153.19
2023,cash,119.21
2023,cash,349.0
2023,cash,456.2
2023,cash,297.51
2023,cash,155.18
2023,cash,382.61
2023,cash,454.41
2023,cash,380.66
2023,cash,413.8
2023,bank_transfer,470.85
2023,bank_transfer,286.25
2023,online,456.19
2023,bank_transfer,411.15
2023,online,207.48
2023,bank_transfer,197.22
2023,bank_transfer,143.59
2023,online,349.67
2023,cash,448.13
2023,bank_transfer,87.72
2023,bank_transfer,310.55
2023,bank_transfer,364.51
2023,cash,416.85
2023,bank_transfer,300.83
2023,cash,347.09
2023,online,285.54
2023,online,136.38
2023,bank_transfer,80.71
2023,bank_transfer,165.17
2023,bank_transfer,416.17
2023,bank_transfer,104.6
2023,bank_transfer,82.27
2023,cash,149.92
2023,cash,180.38
2023,cash,231.0
2023,bank_transfer,424.85
2023,cash,330.9
2023,online,387.71
2023,bank_transfer,450.75
2023,cash,395.33
2023,online,167.78
2023,online,296.79
2023,cash,253.93
2023,cash,419.93
2023,cash,162.48
2023,online,323.84
2023,cash,67.77
2023,cash,195.98
2023,cash,261.49
2023,online,142.93
2023,cash,352.61
2023,cash,215.65
2023,bank_transfer,134.61
2023,bank_transfer,440.91
2023,cash,140.24
2023,bank_transfer,309.25
2023,bank_transfer,268.48
2023,cash,249.91
2023,online,156.51
2023,bank_transfer,419.07
2023,online,339.29
2023,cash,411.77
2023,bank_transfer,376.6
2023,bank_transfer,393.97
2023,cash,136.45
2023,bank_transfer,323.99
2023,cash,404.59
2023,online,273.67
2023,online,328.59
2023,cash,172.44
2023,online,255.31
2023,cash,427.35
2023,online,144.35
2023,bank_transfer,370.08
2023,online,336.01
2023,bank_transfer,83.83
2023,online,349.02
2023,bank_transfer,255.22
2023,cash,131.87
2023,bank_transfer,242.29
2023,bank_transfer,107.0
2023,online,476.39
2023,bank_transfer,488.55
2023,online,241.68
2023,cash,144.48
2023,cash,408.48
2023,bank_transfer,192.25
2023,cash,210.47
2023,cash,230.22
2023,cash,372.06
2023,cash,325.56
2023,online,496.08
2023,bank_transfer,427.97
2023,cash,488.61
2023,online,397.86
2023,cash,240.14
2023,cash,464.61
2023,bank_transfer,231.12
2023,cash,95.2
2023,bank_transfer,149.6
2023,cash,490.45
2023,online,131.66
2023,bank_transfer,227.86
2023,cash,423.6
2023,bank_transfer,276.53
2023,cash,344.4
2023,cash,442.93
2023,cash,98.41
2023,cash,264.7
2023,online,195.53
2023,bank_transfer,335.29
2023,bank_transfer,272.92
2023,online,203.73
2023,online,141.12
2023,cash,115.17
2023,bank_transfer,384.47
2023,bank_transfer,422.21
2023,bank_transfer,402.83
2023,cash,352.85
2023,bank_transfer,331.71
2023,cash,233.88
2023,bank_transfer,337.44
2023,cash,102.87
2023,cash,306.61
2023,bank_transfer,311.36
2023,bank_transfer,272.91
2023,cash,411.52
2023,online,216.27
2023,bank_transfer,194.89
2023,cash,97.86
2023,online,193.0
2023,bank_transfer,214.09
2023,bank_transfer,89.67
2023,cash,382.04
2023,online,65.28
2023,bank_transfer,457.95
2023,bank_transfer,96.42
2023,cash,155.65
2023,online,127.1
2023,online,337.24
2023,bank_transfer,495.57
2023,cash,425.31
2023,online,80.78
2023,bank_transfer,100.1
2023,online,291.33
2023,cash,400.94
2023,cash,370.56
2023,online,279.59
2023,bank_transfer,61.54
2023,cash,493.68
2023,cash,392.38
2023,online,325.25
2023,cash,370.26
2023,bank_transfer,318.42
2023,cash,366.06
2023,online,198.44
2023,bank_transfer,414.57
2023,bank_transfer,80.69
2023,bank_transfer,267.45
2023,cash,481.17
2023,online,306.81
2023,bank_transfer,149.84
2023,online,294.65
2023,bank_transfer,161.97
2023,cash,199.22
2023,online,50.06
2023,online,448.77
2023,online,109.64
2023,cash,406.52
2023,bank_transfer,387.04
2023,online,58.71
2023,cash,58.14
2023,cash,204.22
2023,online,200.1
2023,online,284.75
2023,bank_transfer,102.82
2023,bank_transfer,291.66
2023,online,400.36
2023,online,390.9
2023,cash,418.7
2023,online,359.78
2023,online,178.9
2023,bank_transfer,425.52
2023,cash,327.06
2023,cash,169.69
2023,bank_transfer,215.6
2023,online,283.4
2023,cash,62.91
2023,cash,443.02
2023,cash,232.23
2023,cash,218.33
2023,online,137.55
2023,cash,267.25
2023,online,158.67
2023,cash,424.46
2023,bank_transfer,498.79
2023,online,208.41
2023,cash,118.92
2023,cash,75.38
2023,cash,306.46
2023,cash,389.0
2023,bank_transfer,456.57
2023,online,77.43
2023,bank_transfer,479.73
2023,cash,211.68
2023,cash,77.68
2023,cash,97.08
2023,bank_transfer,365.16
2023,bank_transfer,216.81
2023,bank_transfer,313.43
2023,online,438.73
2023,bank_transfer,243.79
2023,cash,316.18
2023,bank_transfer,439.61
2023,cash,494.25
2023,online,385.32
2023,cash,349.16
2023,bank_transfer,212.15
2023,bank_transfer,475.65
2023,cash,302.05
2023,cash,223.66
2023,online,239.57
2023,bank_transfer,63.23
2023,bank_transfer,372.81
2023,cash,372.55
2023,online,192.98
2023,bank_transfer,179.01
2023,bank_transfer,397.98
2023,bank_transfer,148.67
2023,cash,341.6
2023,cash,418.11
2023,online,208.87
2023,cash,72.28
2023,online,211.09
2023,cash,353.84
2023,bank_transfer,248.79
2023,cash,465.92
2023,bank_transfer,285.82
2023,cash,486.6
2023,cash,348.53
2023,cash,417.92
2023,cash,337.31
2023,cash,276.94
2023,cash,306.69
2023,bank_transfer,420.98
2023,bank_transfer,303.82
2023,cash,465.76
2023,cash,186.79
2023,cash,239.61
2023,cash,259.63
2023,bank_transfer,347.24
2023,online,400.37
2023,cash,333.39
2024,online,468.56
2024,online,150.62
2024,cash,147.19
2024,cash,255.79
2024,cash,189.31
2024,cash,99.94
2024,bank_transfer,485.27
2024,bank_transfer,358.84
2024,cash,378.72
2024,cash,401.04
2024,online,96.92
2024,cash,448.68
2024,cash,343.17
2024,bank_transfer,145.32
2024,online,256.43
2024,cash,191.46
2024,cash,470.64
2024,cash,270.78
2024,cash,460.86
2024,cash,189.67
2024,cash,452.43
2024,cash,382.49
2024,cash,466.38
2024,cash,154.86
2024,cash,197.49
2024,bank_transfer,456.79
2024,cash,55.76
2024,bank_transfer,106.25
2024,bank_transfer,70.74
2024,cash,407.74
2024,cash,488.0
2024,cash,373.34
2024,cash,464.42
2024,cash,465.44
2024,cash,363.12
2024,cash,324.95
2024,bank_transfer,212.97
2024,cash,270.63
2024,bank_transfer,281.78
2024,bank_transfer,476.79
2024,cash,62.57
2024,bank_transfer,451.0
2024,cash,120.01
2024,bank_transfer,368.79
2024,cash,300.94
2024,cash,63.48
2024,cash,89.9
2024,cash,130.96
2024,bank_transfer,208.48
2024,online,62.02
2024,cash,221.0
2024,cash,71.19
2024,cash,390.11
2024,cash,421.39
2024,cash,299.86
2024,online,127.89
2024,bank_transfer,361.76
2024,cash,105.69
2024,cash,480.4
2024,cash,122.78
2024,cash,350.6
2024,online,384.74
2024,cash,303.17
2024,cash,75.52
2024,cash,432.43
2024,cash,407.72
2024,online,366.9
2024,cash,126.43
2024,cash,109.45
2024,cash,330.29
2024,cash,114.0
2024,cash,405.43
2024,online,203.06
2024,cash,113.58
2024,cash,179.87
2024,cash,149.11
2024,cash,218.71
2024,cash,339.33
2024,cash,368.94
2024,cash,432.0
2024,bank_transfer,311.83
2024,cash,303.03
2024,cash,131.88
2024,cash,88.94
2024,cash,473.45
2024,cash,184.1
2024,cash,187.88
2024,cash,491.35
2024,cash,54.64
2024,cash,466.21
2024,online,109.45
2024,cash,284.75
2024,cash,83.14
2024,cash,62.96
2024,online,306.18
2024,cash,270.07
2024,cash,161.7
2024,cash,305.85
2024,cash,407.21
2024,cash,354.37
2024,bank_transfer,170.19
2024,cash,325.86
2024,cash,162.82
2024,bank_transfer,293.21
2024,cash,243.33
2024,cash,272.21
2024,online,291.67
2024,online,182.68
2024,cash,257.68
2024,cash,439.69
2024,cash,445.3
2024,cash,108.98
2024,cash,352.48
2024,cash,303.1
2024,cash,358.3
2024,bank_transfer,141.39
2024,online,296.64
2024,cash,424.17
2024,cash,382.84
2024,cash,483.47
2024,cash,432.53
2024,cash,403.32
2024,cash,410.93
2024,bank_transfer,227.6
2024,cash,231.75
2024,bank_transfer,138.01
2024,cash,452.72
2024,cash,300.3
2024,cash,493.74
2024,cash,81.53
2024,cash,416.86
2024,cash,61.24
2024,cash,360.94
2024,cash,173.2
2024,bank_transfer,447.37
2024,cash,254.3
2024,bank_transfer,297.31
2024,cash,325.95
2024,cash,428.46
2024,online,421.48
2024,bank_transfer,401.96
2024,cash,409.5
2024,cash,327.02
2024,cash,97.24
2024,online,131.83
2024,online,359.35
2024,online,136.92
2024,cash,264.28
2024,bank_transfer,76.8
2024,cash,77.27
2024,cash,77.35
2024,cash,125.7
2024,bank_transfer,272.05
2024,bank_transfer,236.08
2024,cash,394.8
2024,cash,249.67
2024,bank_transfer,322.58
2024,cash,160.84
2024,bank_transfer,440.06
2024,cash,304.04
2024,online,435.58
2024,cash,162.21
2024,bank_transfer,495.13
2024,bank_transfer,167.01
2024,bank_transfer,344.37
2024,online,122.43
2024,cash,72.64
2024,cash,333.66
2024,cash,439.84
2024,cash,84.8
2024,bank_transfer,294.04
2024,cash,435.51
2024,cash,373.68
2024,online,319.47
2024,cash,344.03
2024,cash,359.58
2024,cash,461.55
2024,cash,166.15
2024,cash,420.65
2024,cash,369.64
2024,cash,142.86
2024,cash,414.05
2024,cash,136.19
2024,cash,104.7
2024,bank_transfer,289.86
2024,cash,50.27
2024,cash,443.41
2024,cash,192.87
2024,cash,244.77
2024,online,187.17
2024,cash,418.46
2024,cash,239.99
2024,cash,352.34
2024,cash,129.11
2024,bank_transfer,77.02
2024,bank_transfer,310.66
2024,bank_transfer,296.92
2024,bank_transfer,338.83
2024,cash,412.49
2024,cash,217.0
2024,cash,434.91
2024,cash,76.24
2024,cash,116.72
2024,cash,280.52
2024,cash,279.87
2024,cash,252.91
2024,cash,114.29
2024,cash,350.71
2024,cash,224.42
2024,bank_transfer,174.23
2024,bank_transfer,134.4
2024,cash,453.18
2024,bank_transfer,407.85
2024,cash,125.96
2024,cash,54.73
2024,cash,105.2
2024,online,99.73
2024,cash,393.5
2024,bank_transfer,233.45
2024,cash,216.23
2024,cash,244.59
2024,cash,384.16
2024,cash,348.59
2024,online,375.62
2024,cash,316.37
2024,cash,186.57
2024,cash,183.11
2024,cash,172.48
2024,cash,470.81
2024,cash,103.41
2024,cash,174.92
2024,cash,422.98
2024,cash,493.69
2024,bank_transfer,147.83
2024,online,487.03
2024,cash,378.59
2024,bank_transfer,221.93
2024,cash,204.2
2024,bank_transfer,440.36
2024,cash,174.99
2024,online,189.79
2024,cash,61.4
2024,cash,277.99
2024,cash,145.99
2024,cash,497.27
2024,bank_transfer,118.6
2024,online,446.65
2024,bank_transfer,116.4
2024,cash,228.32
2024,cash,332.64
2024,cash,459.56
2024,cash,451.55
2024,online,141.63
2024,online,128.83
2024,cash,373.23
2024,bank_transfer,159.31
2024,cash,478.66
2024,cash,63.99
2024,cash,134.78
2024,cash,100.51
2024,cash,354.08
2024,bank_transfer,61.12
2024,bank_transfer,298.43
2024,cash,401.05
2024,cash,104.56
2024,cash,114.62
2024,cash,120.66
2024,cash,112.07
2024,bank_transfer,387.36
2024,online,202.18
2024,online,286.59
2024,cash,61.68
2024,cash,408.5
2024,cash,56.01
2024,cash,483.66
2024,cash,487.05
2024,cash,64.77
2024,cash,85.14
2024,cash,296.16
2024,cash,207.2
2024,online,335.75
2024,bank_transfer,344.23
2024,online,62.21
2024,cash,149.41
2024,cash,352.93
2024,cash,139.08
2024,bank_transfer,71.45
2024,cash,291.95
2024,bank_transfer,118.39
2024,cash,454.35
2024,cash,422.7
2024,cash,391.31
2024,cash,424.14
2024,cash,410.19
2024,cash,405.58
2024,cash,498.71
2024,cash,388.43
2024,cash,268.58
2024,bank_transfer,351.78
2024,online,111.11
